email_id,subject,body,label,dataset_id,thread_id,sender_group,timestamp
D2_2000,Enron North America gas trading schedule,Here is the revised natural gas delivery schedule for the Houston pipeline hub for next week. Please review the volume numbers.,legitimate,enron_spam,TH_ENR_100,GRP_ENR_1,2026-01-01T00:00:00+00:00
D2_2001,Meeting notes from risk management committee,Attached are the summary notes and action items from yesterday's risk committee meeting. Let me know if any adjustments are needed.,legitimate,enron_spam,TH_ENR_101,GRP_ENR_2,2026-01-01T04:11:00+00:00
D2_2002,Quarterly financial report review draft,"Vince, Please take a look at the attached draft for the Q2 financial summary before we present it to executive management.",legitimate,enron_spam,TH_ENR_102,GRP_ENR_3,2026-01-01T08:22:00+00:00
D2_2003,Pipeline capacity allocation update,The revised capacity allocation for the Western transmission segment has been finalized. See attached spreadsheet for details.,legitimate,enron_spam,TH_ENR_103,GRP_ENR_4,2026-01-01T12:33:00+00:00
D2_2004,Energy trading model calibration parameters,"Hi Mark, We updated the volatility curves in the pricing model. The updated parameters have been saved to the shared drive.",legitimate,enron_spam,TH_ENR_104,GRP_ENR_1,2026-01-01T16:44:00+00:00
D2_2005,Schedule change for Houston energy conference,"Hi All, The keynote panel at the Houston energy conference has been moved to 2 PM on Tuesday. Please update your itineraries.",legitimate,enron_spam,TH_ENR_105,GRP_ENR_2,2026-01-01T20:55:00+00:00
D2_2006,Contract confirmation for physical power delivery,Please find the executed contract confirmation for the July power delivery agreement attached. Thank you.,legitimate,enron_spam,TH_ENR_106,GRP_ENR_3,2026-01-02T01:06:00+00:00
D2_2007,IT system maintenance notification for Enron intranet,The internal trading database will undergo routine maintenance this Sunday from midnight to 4 AM. Expect brief downtime.,legitimate,enron_spam,TH_ENR_107,GRP_ENR_4,2026-01-02T05:17:00+00:00
D2_2008,Enron North America gas trading schedule [8],Here is the revised natural gas delivery schedule for the Houston pipeline hub for next week. Please review the volume numbers. (Ref ID: ENR-508),legitimate,enron_spam,TH_ENR_108,GRP_ENR_1,2026-01-02T09:28:00+00:00
D2_2009,Meeting notes from risk management committee [9],Attached are the summary notes and action items from yesterday's risk committee meeting. Let me know if any adjustments are needed. (Ref ID: ENR-509),legitimate,enron_spam,TH_ENR_109,GRP_ENR_2,2026-01-02T13:39:00+00:00
D2_2010,Quarterly financial report review draft [10],"Vince, Please take a look at the attached draft for the Q2 financial summary before we present it to executive management. (Ref ID: ENR-510)",legitimate,enron_spam,TH_ENR_110,GRP_ENR_3,2026-01-02T17:50:00+00:00
D2_2011,Pipeline capacity allocation update [11],The revised capacity allocation for the Western transmission segment has been finalized. See attached spreadsheet for details. (Ref ID: ENR-511),legitimate,enron_spam,TH_ENR_111,GRP_ENR_4,2026-01-02T22:01:00+00:00
D2_2012,Energy trading model calibration parameters [12],"Hi Mark, We updated the volatility curves in the pricing model. The updated parameters have been saved to the shared drive. (Ref ID: ENR-512)",legitimate,enron_spam,TH_ENR_112,GRP_ENR_1,2026-01-03T02:12:00+00:00
D2_2013,Schedule change for Houston energy conference [13],"Hi All, The keynote panel at the Houston energy conference has been moved to 2 PM on Tuesday. Please update your itineraries. (Ref ID: ENR-513)",legitimate,enron_spam,TH_ENR_113,GRP_ENR_2,2026-01-03T06:23:00+00:00
D2_2014,Contract confirmation for physical power delivery [14],Please find the executed contract confirmation for the July power delivery agreement attached. Thank you. (Ref ID: ENR-514),legitimate,enron_spam,TH_ENR_114,GRP_ENR_3,2026-01-03T10:34:00+00:00
D2_2015,IT system maintenance notification for Enron intranet [15],The internal trading database will undergo routine maintenance this Sunday from midnight to 4 AM. Expect brief downtime. (Ref ID: ENR-515),legitimate,enron_spam,TH_ENR_115,GRP_ENR_4,2026-01-03T14:45:00+00:00
D2_2016,Enron North America gas trading schedule [16],Here is the revised natural gas delivery schedule for the Houston pipeline hub for next week. Please review the volume numbers. (Ref ID: ENR-516),legitimate,enron_spam,TH_ENR_116,GRP_ENR_1,2026-01-03T18:56:00+00:00
D2_2017,Meeting notes from risk management committee [17],Attached are the summary notes and action items from yesterday's risk committee meeting. Let me know if any adjustments are needed. (Ref ID: ENR-517),legitimate,enron_spam,TH_ENR_117,GRP_ENR_2,2026-01-03T23:07:00+00:00
D2_2018,Quarterly financial report review draft [18],"Vince, Please take a look at the attached draft for the Q2 financial summary before we present it to executive management. (Ref ID: ENR-518)",legitimate,enron_spam,TH_ENR_118,GRP_ENR_3,2026-01-04T03:18:00+00:00
D2_2019,Pipeline capacity allocation update [19],The revised capacity allocation for the Western transmission segment has been finalized. See attached spreadsheet for details. (Ref ID: ENR-519),legitimate,enron_spam,TH_ENR_119,GRP_ENR_4,2026-01-04T07:29:00+00:00
D2_2020,Energy trading model calibration parameters [20],"Hi Mark, We updated the volatility curves in the pricing model. The updated parameters have been saved to the shared drive. (Ref ID: ENR-520)",legitimate,enron_spam,TH_ENR_100,GRP_ENR_1,2026-01-04T11:40:00+00:00
D2_2021,Schedule change for Houston energy conference [21],"Hi All, The keynote panel at the Houston energy conference has been moved to 2 PM on Tuesday. Please update your itineraries. (Ref ID: ENR-521)",legitimate,enron_spam,TH_ENR_101,GRP_ENR_2,2026-01-04T15:51:00+00:00
D2_2022,Contract confirmation for physical power delivery [22],Please find the executed contract confirmation for the July power delivery agreement attached. Thank you. (Ref ID: ENR-522),legitimate,enron_spam,TH_ENR_102,GRP_ENR_3,2026-01-04T20:02:00+00:00
D2_2023,IT system maintenance notification for Enron intranet [23],The internal trading database will undergo routine maintenance this Sunday from midnight to 4 AM. Expect brief downtime. (Ref ID: ENR-523),legitimate,enron_spam,TH_ENR_103,GRP_ENR_4,2026-01-05T00:13:00+00:00
D2_2024,Enron North America gas trading schedule [24],Here is the revised natural gas delivery schedule for the Houston pipeline hub for next week. Please review the volume numbers. (Ref ID: ENR-524),legitimate,enron_spam,TH_ENR_104,GRP_ENR_1,2026-01-05T04:24:00+00:00
D2_2025,Meeting notes from risk management committee [25],Attached are the summary notes and action items from yesterday's risk committee meeting. Let me know if any adjustments are needed. (Ref ID: ENR-525),legitimate,enron_spam,TH_ENR_105,GRP_ENR_2,2026-01-05T08:35:00+00:00
D2_2026,Quarterly financial report review draft [26],"Vince, Please take a look at the attached draft for the Q2 financial summary before we present it to executive management. (Ref ID: ENR-526)",legitimate,enron_spam,TH_ENR_106,GRP_ENR_3,2026-01-05T12:46:00+00:00
D2_2027,Pipeline capacity allocation update [27],The revised capacity allocation for the Western transmission segment has been finalized. See attached spreadsheet for details. (Ref ID: ENR-527),legitimate,enron_spam,TH_ENR_107,GRP_ENR_4,2026-01-05T16:57:00+00:00
D2_2028,Energy trading model calibration parameters [28],"Hi Mark, We updated the volatility curves in the pricing model. The updated parameters have been saved to the shared drive. (Ref ID: ENR-528)",legitimate,enron_spam,TH_ENR_108,GRP_ENR_1,2026-01-05T21:08:00+00:00
D2_2029,Schedule change for Houston energy conference [29],"Hi All, The keynote panel at the Houston energy conference has been moved to 2 PM on Tuesday. Please update your itineraries. (Ref ID: ENR-529)",legitimate,enron_spam,TH_ENR_109,GRP_ENR_2,2026-01-06T01:19:00+00:00
D2_2030,Contract confirmation for physical power delivery [30],Please find the executed contract confirmation for the July power delivery agreement attached. Thank you. (Ref ID: ENR-530),legitimate,enron_spam,TH_ENR_110,GRP_ENR_3,2026-01-06T05:30:00+00:00
D2_2031,IT system maintenance notification for Enron intranet [31],The internal trading database will undergo routine maintenance this Sunday from midnight to 4 AM. Expect brief downtime. (Ref ID: ENR-531),legitimate,enron_spam,TH_ENR_111,GRP_ENR_4,2026-01-06T09:41:00+00:00
D2_2032,Enron North America gas trading schedule [32],Here is the revised natural gas delivery schedule for the Houston pipeline hub for next week. Please review the volume numbers. (Ref ID: ENR-532),legitimate,enron_spam,TH_ENR_112,GRP_ENR_1,2026-01-06T13:52:00+00:00
D2_2033,Meeting notes from risk management committee [33],Attached are the summary notes and action items from yesterday's risk committee meeting. Let me know if any adjustments are needed. (Ref ID: ENR-533),legitimate,enron_spam,TH_ENR_113,GRP_ENR_2,2026-01-06T18:03:00+00:00
D2_2034,Quarterly financial report review draft [34],"Vince, Please take a look at the attached draft for the Q2 financial summary before we present it to executive management. (Ref ID: ENR-534)",legitimate,enron_spam,TH_ENR_114,GRP_ENR_3,2026-01-06T22:14:00+00:00
D2_2035,Pipeline capacity allocation update [35],The revised capacity allocation for the Western transmission segment has been finalized. See attached spreadsheet for details. (Ref ID: ENR-535),legitimate,enron_spam,TH_ENR_115,GRP_ENR_4,2026-01-07T02:25:00+00:00
D2_2036,Energy trading model calibration parameters [36],"Hi Mark, We updated the volatility curves in the pricing model. The updated parameters have been saved to the shared drive. (Ref ID: ENR-536)",legitimate,enron_spam,TH_ENR_116,GRP_ENR_1,2026-01-07T06:36:00+00:00
D2_2037,Schedule change for Houston energy conference [37],"Hi All, The keynote panel at the Houston energy conference has been moved to 2 PM on Tuesday. Please update your itineraries. (Ref ID: ENR-537)",legitimate,enron_spam,TH_ENR_117,GRP_ENR_2,2026-01-07T10:47:00+00:00
D2_2038,Contract confirmation for physical power delivery [38],Please find the executed contract confirmation for the July power delivery agreement attached. Thank you. (Ref ID: ENR-538),legitimate,enron_spam,TH_ENR_118,GRP_ENR_3,2026-01-07T14:58:00+00:00
D2_2039,IT system maintenance notification for Enron intranet [39],The internal trading database will undergo routine maintenance this Sunday from midnight to 4 AM. Expect brief downtime. (Ref ID: ENR-539),legitimate,enron_spam,TH_ENR_119,GRP_ENR_4,2026-01-07T19:09:00+00:00
D2_2040,Enron North America gas trading schedule [40],Here is the revised natural gas delivery schedule for the Houston pipeline hub for next week. Please review the volume numbers. (Ref ID: ENR-540),legitimate,enron_spam,TH_ENR_100,GRP_ENR_1,2026-01-07T23:20:00+00:00
D2_2041,Meeting notes from risk management committee [41],Attached are the summary notes and action items from yesterday's risk committee meeting. Let me know if any adjustments are needed. (Ref ID: ENR-541),legitimate,enron_spam,TH_ENR_101,GRP_ENR_2,2026-01-08T03:31:00+00:00
D2_2042,Quarterly financial report review draft [42],"Vince, Please take a look at the attached draft for the Q2 financial summary before we present it to executive management. (Ref ID: ENR-542)",legitimate,enron_spam,TH_ENR_102,GRP_ENR_3,2026-01-08T07:42:00+00:00
D2_2043,Pipeline capacity allocation update [43],The revised capacity allocation for the Western transmission segment has been finalized. See attached spreadsheet for details. (Ref ID: ENR-543),legitimate,enron_spam,TH_ENR_103,GRP_ENR_4,2026-01-08T11:53:00+00:00
D2_2044,Energy trading model calibration parameters [44],"Hi Mark, We updated the volatility curves in the pricing model. The updated parameters have been saved to the shared drive. (Ref ID: ENR-544)",legitimate,enron_spam,TH_ENR_104,GRP_ENR_1,2026-01-08T16:04:00+00:00
D2_2045,Schedule change for Houston energy conference [45],"Hi All, The keynote panel at the Houston energy conference has been moved to 2 PM on Tuesday. Please update your itineraries. (Ref ID: ENR-545)",legitimate,enron_spam,TH_ENR_105,GRP_ENR_2,2026-01-08T20:15:00+00:00
D2_2046,Contract confirmation for physical power delivery [46],Please find the executed contract confirmation for the July power delivery agreement attached. Thank you. (Ref ID: ENR-546),legitimate,enron_spam,TH_ENR_106,GRP_ENR_3,2026-01-09T00:26:00+00:00
D2_2047,IT system maintenance notification for Enron intranet [47],The internal trading database will undergo routine maintenance this Sunday from midnight to 4 AM. Expect brief downtime. (Ref ID: ENR-547),legitimate,enron_spam,TH_ENR_107,GRP_ENR_4,2026-01-09T04:37:00+00:00
D2_2048,Enron North America gas trading schedule [48],Here is the revised natural gas delivery schedule for the Houston pipeline hub for next week. Please review the volume numbers. (Ref ID: ENR-548),legitimate,enron_spam,TH_ENR_108,GRP_ENR_1,2026-01-09T08:48:00+00:00
D2_2049,Meeting notes from risk management committee [49],Attached are the summary notes and action items from yesterday's risk committee meeting. Let me know if any adjustments are needed. (Ref ID: ENR-549),legitimate,enron_spam,TH_ENR_109,GRP_ENR_2,2026-01-09T12:59:00+00:00
D2_2050,Quarterly financial report review draft [50],"Vince, Please take a look at the attached draft for the Q2 financial summary before we present it to executive management. (Ref ID: ENR-550)",legitimate,enron_spam,TH_ENR_110,GRP_ENR_3,2026-01-09T17:10:00+00:00
D2_2051,Pipeline capacity allocation update [51],The revised capacity allocation for the Western transmission segment has been finalized. See attached spreadsheet for details. (Ref ID: ENR-551),legitimate,enron_spam,TH_ENR_111,GRP_ENR_4,2026-01-09T21:21:00+00:00
D2_2052,Energy trading model calibration parameters [52],"Hi Mark, We updated the volatility curves in the pricing model. The updated parameters have been saved to the shared drive. (Ref ID: ENR-552)",legitimate,enron_spam,TH_ENR_112,GRP_ENR_1,2026-01-10T01:32:00+00:00
D2_2053,Schedule change for Houston energy conference [53],"Hi All, The keynote panel at the Houston energy conference has been moved to 2 PM on Tuesday. Please update your itineraries. (Ref ID: ENR-553)",legitimate,enron_spam,TH_ENR_113,GRP_ENR_2,2026-01-10T05:43:00+00:00
D2_2054,Contract confirmation for physical power delivery [54],Please find the executed contract confirmation for the July power delivery agreement attached. Thank you. (Ref ID: ENR-554),legitimate,enron_spam,TH_ENR_114,GRP_ENR_3,2026-01-10T09:54:00+00:00
D2_2055,IT system maintenance notification for Enron intranet [55],The internal trading database will undergo routine maintenance this Sunday from midnight to 4 AM. Expect brief downtime. (Ref ID: ENR-555),legitimate,enron_spam,TH_ENR_115,GRP_ENR_4,2026-01-10T14:05:00+00:00
D2_2056,Enron North America gas trading schedule [56],Here is the revised natural gas delivery schedule for the Houston pipeline hub for next week. Please review the volume numbers. (Ref ID: ENR-556),legitimate,enron_spam,TH_ENR_116,GRP_ENR_1,2026-01-10T18:16:00+00:00
D2_2057,Meeting notes from risk management committee [57],Attached are the summary notes and action items from yesterday's risk committee meeting. Let me know if any adjustments are needed. (Ref ID: ENR-557),legitimate,enron_spam,TH_ENR_117,GRP_ENR_2,2026-01-10T22:27:00+00:00
D2_2058,Quarterly financial report review draft [58],"Vince, Please take a look at the attached draft for the Q2 financial summary before we present it to executive management. (Ref ID: ENR-558)",legitimate,enron_spam,TH_ENR_118,GRP_ENR_3,2026-01-11T02:38:00+00:00
D2_2059,Pipeline capacity allocation update [59],The revised capacity allocation for the Western transmission segment has been finalized. See attached spreadsheet for details. (Ref ID: ENR-559),legitimate,enron_spam,TH_ENR_119,GRP_ENR_4,2026-01-11T06:49:00+00:00
D2_2060,Energy trading model calibration parameters [60],"Hi Mark, We updated the volatility curves in the pricing model. The updated parameters have been saved to the shared drive. (Ref ID: ENR-560)",legitimate,enron_spam,TH_ENR_100,GRP_ENR_1,2026-01-11T11:00:00+00:00
D2_2061,Schedule change for Houston energy conference [61],"Hi All, The keynote panel at the Houston energy conference has been moved to 2 PM on Tuesday. Please update your itineraries. (Ref ID: ENR-561)",legitimate,enron_spam,TH_ENR_101,GRP_ENR_2,2026-01-11T15:11:00+00:00
D2_2062,Contract confirmation for physical power delivery [62],Please find the executed contract confirmation for the July power delivery agreement attached. Thank you. (Ref ID: ENR-562),legitimate,enron_spam,TH_ENR_102,GRP_ENR_3,2026-01-11T19:22:00+00:00
D2_2063,IT system maintenance notification for Enron intranet [63],The internal trading database will undergo routine maintenance this Sunday from midnight to 4 AM. Expect brief downtime. (Ref ID: ENR-563),legitimate,enron_spam,TH_ENR_103,GRP_ENR_4,2026-01-11T23:33:00+00:00
D2_2064,Enron North America gas trading schedule [64],Here is the revised natural gas delivery schedule for the Houston pipeline hub for next week. Please review the volume numbers. (Ref ID: ENR-564),legitimate,enron_spam,TH_ENR_104,GRP_ENR_1,2026-01-12T03:44:00+00:00
D2_2065,Meeting notes from risk management committee [65],Attached are the summary notes and action items from yesterday's risk committee meeting. Let me know if any adjustments are needed. (Ref ID: ENR-565),legitimate,enron_spam,TH_ENR_105,GRP_ENR_2,2026-01-12T07:55:00+00:00
D2_2066,Quarterly financial report review draft [66],"Vince, Please take a look at the attached draft for the Q2 financial summary before we present it to executive management. (Ref ID: ENR-566)",legitimate,enron_spam,TH_ENR_106,GRP_ENR_3,2026-01-12T12:06:00+00:00
D2_2067,Pipeline capacity allocation update [67],The revised capacity allocation for the Western transmission segment has been finalized. See attached spreadsheet for details. (Ref ID: ENR-567),legitimate,enron_spam,TH_ENR_107,GRP_ENR_4,2026-01-12T16:17:00+00:00
D2_2068,Energy trading model calibration parameters [68],"Hi Mark, We updated the volatility curves in the pricing model. The updated parameters have been saved to the shared drive. (Ref ID: ENR-568)",legitimate,enron_spam,TH_ENR_108,GRP_ENR_1,2026-01-12T20:28:00+00:00
D2_2069,Schedule change for Houston energy conference [69],"Hi All, The keynote panel at the Houston energy conference has been moved to 2 PM on Tuesday. Please update your itineraries. (Ref ID: ENR-569)",legitimate,enron_spam,TH_ENR_109,GRP_ENR_2,2026-01-13T00:39:00+00:00
D2_2070,Contract confirmation for physical power delivery [70],Please find the executed contract confirmation for the July power delivery agreement attached. Thank you. (Ref ID: ENR-570),legitimate,enron_spam,TH_ENR_110,GRP_ENR_3,2026-01-13T04:50:00+00:00
D2_2071,IT system maintenance notification for Enron intranet [71],The internal trading database will undergo routine maintenance this Sunday from midnight to 4 AM. Expect brief downtime. (Ref ID: ENR-571),legitimate,enron_spam,TH_ENR_111,GRP_ENR_4,2026-01-13T09:01:00+00:00
D2_2072,Enron North America gas trading schedule [72],Here is the revised natural gas delivery schedule for the Houston pipeline hub for next week. Please review the volume numbers. (Ref ID: ENR-572),legitimate,enron_spam,TH_ENR_112,GRP_ENR_1,2026-01-13T13:12:00+00:00
D2_2073,Meeting notes from risk management committee [73],Attached are the summary notes and action items from yesterday's risk committee meeting. Let me know if any adjustments are needed. (Ref ID: ENR-573),legitimate,enron_spam,TH_ENR_113,GRP_ENR_2,2026-01-13T17:23:00+00:00
D2_2074,Quarterly financial report review draft [74],"Vince, Please take a look at the attached draft for the Q2 financial summary before we present it to executive management. (Ref ID: ENR-574)",legitimate,enron_spam,TH_ENR_114,GRP_ENR_3,2026-01-13T21:34:00+00:00
D2_2075,Pipeline capacity allocation update [75],The revised capacity allocation for the Western transmission segment has been finalized. See attached spreadsheet for details. (Ref ID: ENR-575),legitimate,enron_spam,TH_ENR_115,GRP_ENR_4,2026-01-14T01:45:00+00:00
D2_2076,Energy trading model calibration parameters [76],"Hi Mark, We updated the volatility curves in the pricing model. The updated parameters have been saved to the shared drive. (Ref ID: ENR-576)",legitimate,enron_spam,TH_ENR_116,GRP_ENR_1,2026-01-14T05:56:00+00:00
D2_2077,Schedule change for Houston energy conference [77],"Hi All, The keynote panel at the Houston energy conference has been moved to 2 PM on Tuesday. Please update your itineraries. (Ref ID: ENR-577)",legitimate,enron_spam,TH_ENR_117,GRP_ENR_2,2026-01-14T10:07:00+00:00
D2_2078,Contract confirmation for physical power delivery [78],Please find the executed contract confirmation for the July power delivery agreement attached. Thank you. (Ref ID: ENR-578),legitimate,enron_spam,TH_ENR_118,GRP_ENR_3,2026-01-14T14:18:00+00:00
D2_2079,IT system maintenance notification for Enron intranet [79],The internal trading database will undergo routine maintenance this Sunday from midnight to 4 AM. Expect brief downtime. (Ref ID: ENR-579),legitimate,enron_spam,TH_ENR_119,GRP_ENR_4,2026-01-14T18:29:00+00:00
D2_2080,Enron North America gas trading schedule [80],Here is the revised natural gas delivery schedule for the Houston pipeline hub for next week. Please review the volume numbers. (Ref ID: ENR-580),legitimate,enron_spam,TH_ENR_100,GRP_ENR_1,2026-01-14T22:40:00+00:00
D2_2081,Meeting notes from risk management committee [81],Attached are the summary notes and action items from yesterday's risk committee meeting. Let me know if any adjustments are needed. (Ref ID: ENR-581),legitimate,enron_spam,TH_ENR_101,GRP_ENR_2,2026-01-15T02:51:00+00:00
D2_2082,Quarterly financial report review draft [82],"Vince, Please take a look at the attached draft for the Q2 financial summary before we present it to executive management. (Ref ID: ENR-582)",legitimate,enron_spam,TH_ENR_102,GRP_ENR_3,2026-01-15T07:02:00+00:00
D2_2083,Pipeline capacity allocation update [83],The revised capacity allocation for the Western transmission segment has been finalized. See attached spreadsheet for details. (Ref ID: ENR-583),legitimate,enron_spam,TH_ENR_103,GRP_ENR_4,2026-01-15T11:13:00+00:00
D2_2084,Energy trading model calibration parameters [84],"Hi Mark, We updated the volatility curves in the pricing model. The updated parameters have been saved to the shared drive. (Ref ID: ENR-584)",legitimate,enron_spam,TH_ENR_104,GRP_ENR_1,2026-01-15T15:24:00+00:00
D2_2085,Schedule change for Houston energy conference [85],"Hi All, The keynote panel at the Houston energy conference has been moved to 2 PM on Tuesday. Please update your itineraries. (Ref ID: ENR-585)",legitimate,enron_spam,TH_ENR_105,GRP_ENR_2,2026-01-15T19:35:00+00:00
D2_2086,Contract confirmation for physical power delivery [86],Please find the executed contract confirmation for the July power delivery agreement attached. Thank you. (Ref ID: ENR-586),legitimate,enron_spam,TH_ENR_106,GRP_ENR_3,2026-01-15T23:46:00+00:00
D2_2087,IT system maintenance notification for Enron intranet [87],The internal trading database will undergo routine maintenance this Sunday from midnight to 4 AM. Expect brief downtime. (Ref ID: ENR-587),legitimate,enron_spam,TH_ENR_107,GRP_ENR_4,2026-01-16T03:57:00+00:00
D2_2088,Enron North America gas trading schedule [88],Here is the revised natural gas delivery schedule for the Houston pipeline hub for next week. Please review the volume numbers. (Ref ID: ENR-588),legitimate,enron_spam,TH_ENR_108,GRP_ENR_1,2026-01-16T08:08:00+00:00
D2_2089,Meeting notes from risk management committee [89],Attached are the summary notes and action items from yesterday's risk committee meeting. Let me know if any adjustments are needed. (Ref ID: ENR-589),legitimate,enron_spam,TH_ENR_109,GRP_ENR_2,2026-01-16T12:19:00+00:00
D2_2090,Quarterly financial report review draft [90],"Vince, Please take a look at the attached draft for the Q2 financial summary before we present it to executive management. (Ref ID: ENR-590)",legitimate,enron_spam,TH_ENR_110,GRP_ENR_3,2026-01-16T16:30:00+00:00
D2_2091,Pipeline capacity allocation update [91],The revised capacity allocation for the Western transmission segment has been finalized. See attached spreadsheet for details. (Ref ID: ENR-591),legitimate,enron_spam,TH_ENR_111,GRP_ENR_4,2026-01-16T20:41:00+00:00
D2_2092,Energy trading model calibration parameters [92],"Hi Mark, We updated the volatility curves in the pricing model. The updated parameters have been saved to the shared drive. (Ref ID: ENR-592)",legitimate,enron_spam,TH_ENR_112,GRP_ENR_1,2026-01-17T00:52:00+00:00
D2_2093,Schedule change for Houston energy conference [93],"Hi All, The keynote panel at the Houston energy conference has been moved to 2 PM on Tuesday. Please update your itineraries. (Ref ID: ENR-593)",legitimate,enron_spam,TH_ENR_113,GRP_ENR_2,2026-01-17T05:03:00+00:00
D2_2094,Contract confirmation for physical power delivery [94],Please find the executed contract confirmation for the July power delivery agreement attached. Thank you. (Ref ID: ENR-594),legitimate,enron_spam,TH_ENR_114,GRP_ENR_3,2026-01-17T09:14:00+00:00
D2_2095,IT system maintenance notification for Enron intranet [95],The internal trading database will undergo routine maintenance this Sunday from midnight to 4 AM. Expect brief downtime. (Ref ID: ENR-595),legitimate,enron_spam,TH_ENR_115,GRP_ENR_4,2026-01-17T13:25:00+00:00
D2_2096,Enron North America gas trading schedule [96],Here is the revised natural gas delivery schedule for the Houston pipeline hub for next week. Please review the volume numbers. (Ref ID: ENR-596),legitimate,enron_spam,TH_ENR_116,GRP_ENR_1,2026-01-17T17:36:00+00:00
D2_2097,Meeting notes from risk management committee [97],Attached are the summary notes and action items from yesterday's risk committee meeting. Let me know if any adjustments are needed. (Ref ID: ENR-597),legitimate,enron_spam,TH_ENR_117,GRP_ENR_2,2026-01-17T21:47:00+00:00
D2_2098,Quarterly financial report review draft [98],"Vince, Please take a look at the attached draft for the Q2 financial summary before we present it to executive management. (Ref ID: ENR-598)",legitimate,enron_spam,TH_ENR_118,GRP_ENR_3,2026-01-18T01:58:00+00:00
D2_2099,Pipeline capacity allocation update [99],The revised capacity allocation for the Western transmission segment has been finalized. See attached spreadsheet for details. (Ref ID: ENR-599),legitimate,enron_spam,TH_ENR_119,GRP_ENR_4,2026-01-18T06:09:00+00:00
D2_2100,Energy trading model calibration parameters [100],"Hi Mark, We updated the volatility curves in the pricing model. The updated parameters have been saved to the shared drive. (Ref ID: ENR-600)",legitimate,enron_spam,TH_ENR_100,GRP_ENR_1,2026-01-18T10:20:00+00:00
D2_2101,Schedule change for Houston energy conference [101],"Hi All, The keynote panel at the Houston energy conference has been moved to 2 PM on Tuesday. Please update your itineraries. (Ref ID: ENR-601)",legitimate,enron_spam,TH_ENR_101,GRP_ENR_2,2026-01-18T14:31:00+00:00
D2_2102,Contract confirmation for physical power delivery [102],Please find the executed contract confirmation for the July power delivery agreement attached. Thank you. (Ref ID: ENR-602),legitimate,enron_spam,TH_ENR_102,GRP_ENR_3,2026-01-18T18:42:00+00:00
D2_2103,IT system maintenance notification for Enron intranet [103],The internal trading database will undergo routine maintenance this Sunday from midnight to 4 AM. Expect brief downtime. (Ref ID: ENR-603),legitimate,enron_spam,TH_ENR_103,GRP_ENR_4,2026-01-18T22:53:00+00:00
D2_2104,Enron North America gas trading schedule [104],Here is the revised natural gas delivery schedule for the Houston pipeline hub for next week. Please review the volume numbers. (Ref ID: ENR-604),legitimate,enron_spam,TH_ENR_104,GRP_ENR_1,2026-01-19T03:04:00+00:00
D2_2105,Meeting notes from risk management committee [105],Attached are the summary notes and action items from yesterday's risk committee meeting. Let me know if any adjustments are needed. (Ref ID: ENR-605),legitimate,enron_spam,TH_ENR_105,GRP_ENR_2,2026-01-19T07:15:00+00:00
D2_2106,Quarterly financial report review draft [106],"Vince, Please take a look at the attached draft for the Q2 financial summary before we present it to executive management. (Ref ID: ENR-606)",legitimate,enron_spam,TH_ENR_106,GRP_ENR_3,2026-01-19T11:26:00+00:00
D2_2107,Pipeline capacity allocation update [107],The revised capacity allocation for the Western transmission segment has been finalized. See attached spreadsheet for details. (Ref ID: ENR-607),legitimate,enron_spam,TH_ENR_107,GRP_ENR_4,2026-01-19T15:37:00+00:00
D2_2108,Energy trading model calibration parameters [108],"Hi Mark, We updated the volatility curves in the pricing model. The updated parameters have been saved to the shared drive. (Ref ID: ENR-608)",legitimate,enron_spam,TH_ENR_108,GRP_ENR_1,2026-01-19T19:48:00+00:00
D2_2109,Schedule change for Houston energy conference [109],"Hi All, The keynote panel at the Houston energy conference has been moved to 2 PM on Tuesday. Please update your itineraries. (Ref ID: ENR-609)",legitimate,enron_spam,TH_ENR_109,GRP_ENR_2,2026-01-19T23:59:00+00:00
D2_2110,Contract confirmation for physical power delivery [110],Please find the executed contract confirmation for the July power delivery agreement attached. Thank you. (Ref ID: ENR-610),legitimate,enron_spam,TH_ENR_110,GRP_ENR_3,2026-01-20T04:10:00+00:00
D2_2111,IT system maintenance notification for Enron intranet [111],The internal trading database will undergo routine maintenance this Sunday from midnight to 4 AM. Expect brief downtime. (Ref ID: ENR-611),legitimate,enron_spam,TH_ENR_111,GRP_ENR_4,2026-01-20T08:21:00+00:00
D2_2112,Enron North America gas trading schedule [112],Here is the revised natural gas delivery schedule for the Houston pipeline hub for next week. Please review the volume numbers. (Ref ID: ENR-612),legitimate,enron_spam,TH_ENR_112,GRP_ENR_1,2026-01-20T12:32:00+00:00
D2_2113,Meeting notes from risk management committee [113],Attached are the summary notes and action items from yesterday's risk committee meeting. Let me know if any adjustments are needed. (Ref ID: ENR-613),legitimate,enron_spam,TH_ENR_113,GRP_ENR_2,2026-01-20T16:43:00+00:00
D2_2114,Quarterly financial report review draft [114],"Vince, Please take a look at the attached draft for the Q2 financial summary before we present it to executive management. (Ref ID: ENR-614)",legitimate,enron_spam,TH_ENR_114,GRP_ENR_3,2026-01-20T20:54:00+00:00
D2_2115,Pipeline capacity allocation update [115],The revised capacity allocation for the Western transmission segment has been finalized. See attached spreadsheet for details. (Ref ID: ENR-615),legitimate,enron_spam,TH_ENR_115,GRP_ENR_4,2026-01-21T01:05:00+00:00
D2_2116,Energy trading model calibration parameters [116],"Hi Mark, We updated the volatility curves in the pricing model. The updated parameters have been saved to the shared drive. (Ref ID: ENR-616)",legitimate,enron_spam,TH_ENR_116,GRP_ENR_1,2026-01-21T05:16:00+00:00
D2_2117,Schedule change for Houston energy conference [117],"Hi All, The keynote panel at the Houston energy conference has been moved to 2 PM on Tuesday. Please update your itineraries. (Ref ID: ENR-617)",legitimate,enron_spam,TH_ENR_117,GRP_ENR_2,2026-01-21T09:27:00+00:00
D2_2118,Contract confirmation for physical power delivery [118],Please find the executed contract confirmation for the July power delivery agreement attached. Thank you. (Ref ID: ENR-618),legitimate,enron_spam,TH_ENR_118,GRP_ENR_3,2026-01-21T13:38:00+00:00
D2_2119,IT system maintenance notification for Enron intranet [119],The internal trading database will undergo routine maintenance this Sunday from midnight to 4 AM. Expect brief downtime. (Ref ID: ENR-619),legitimate,enron_spam,TH_ENR_119,GRP_ENR_4,2026-01-21T17:49:00+00:00
D2_2120,Enron North America gas trading schedule [120],Here is the revised natural gas delivery schedule for the Houston pipeline hub for next week. Please review the volume numbers. (Ref ID: ENR-620),legitimate,enron_spam,TH_ENR_100,GRP_ENR_1,2026-01-21T22:00:00+00:00
D2_2121,Meeting notes from risk management committee [121],Attached are the summary notes and action items from yesterday's risk committee meeting. Let me know if any adjustments are needed. (Ref ID: ENR-621),legitimate,enron_spam,TH_ENR_101,GRP_ENR_2,2026-01-22T02:11:00+00:00
D2_2122,Quarterly financial report review draft [122],"Vince, Please take a look at the attached draft for the Q2 financial summary before we present it to executive management. (Ref ID: ENR-622)",legitimate,enron_spam,TH_ENR_102,GRP_ENR_3,2026-01-22T06:22:00+00:00
D2_2123,Pipeline capacity allocation update [123],The revised capacity allocation for the Western transmission segment has been finalized. See attached spreadsheet for details. (Ref ID: ENR-623),legitimate,enron_spam,TH_ENR_103,GRP_ENR_4,2026-01-22T10:33:00+00:00
D2_2124,Energy trading model calibration parameters [124],"Hi Mark, We updated the volatility curves in the pricing model. The updated parameters have been saved to the shared drive. (Ref ID: ENR-624)",legitimate,enron_spam,TH_ENR_104,GRP_ENR_1,2026-01-22T14:44:00+00:00
D2_2125,Schedule change for Houston energy conference [125],"Hi All, The keynote panel at the Houston energy conference has been moved to 2 PM on Tuesday. Please update your itineraries. (Ref ID: ENR-625)",legitimate,enron_spam,TH_ENR_105,GRP_ENR_2,2026-01-22T18:55:00+00:00
D2_2126,Contract confirmation for physical power delivery [126],Please find the executed contract confirmation for the July power delivery agreement attached. Thank you. (Ref ID: ENR-626),legitimate,enron_spam,TH_ENR_106,GRP_ENR_3,2026-01-22T23:06:00+00:00
D2_2127,IT system maintenance notification for Enron intranet [127],The internal trading database will undergo routine maintenance this Sunday from midnight to 4 AM. Expect brief downtime. (Ref ID: ENR-627),legitimate,enron_spam,TH_ENR_107,GRP_ENR_4,2026-01-23T03:17:00+00:00
D2_2128,Enron North America gas trading schedule [128],Here is the revised natural gas delivery schedule for the Houston pipeline hub for next week. Please review the volume numbers. (Ref ID: ENR-628),legitimate,enron_spam,TH_ENR_108,GRP_ENR_1,2026-01-23T07:28:00+00:00
D2_2129,Meeting notes from risk management committee [129],Attached are the summary notes and action items from yesterday's risk committee meeting. Let me know if any adjustments are needed. (Ref ID: ENR-629),legitimate,enron_spam,TH_ENR_109,GRP_ENR_2,2026-01-23T11:39:00+00:00
D2_2130,Quarterly financial report review draft [130],"Vince, Please take a look at the attached draft for the Q2 financial summary before we present it to executive management. (Ref ID: ENR-630)",legitimate,enron_spam,TH_ENR_110,GRP_ENR_3,2026-01-23T15:50:00+00:00
D2_2131,Pipeline capacity allocation update [131],The revised capacity allocation for the Western transmission segment has been finalized. See attached spreadsheet for details. (Ref ID: ENR-631),legitimate,enron_spam,TH_ENR_111,GRP_ENR_4,2026-01-23T20:01:00+00:00
D2_2132,Energy trading model calibration parameters [132],"Hi Mark, We updated the volatility curves in the pricing model. The updated parameters have been saved to the shared drive. (Ref ID: ENR-632)",legitimate,enron_spam,TH_ENR_112,GRP_ENR_1,2026-01-24T00:12:00+00:00
D2_2133,Schedule change for Houston energy conference [133],"Hi All, The keynote panel at the Houston energy conference has been moved to 2 PM on Tuesday. Please update your itineraries. (Ref ID: ENR-633)",legitimate,enron_spam,TH_ENR_113,GRP_ENR_2,2026-01-24T04:23:00+00:00
D2_2134,Contract confirmation for physical power delivery [134],Please find the executed contract confirmation for the July power delivery agreement attached. Thank you. (Ref ID: ENR-634),legitimate,enron_spam,TH_ENR_114,GRP_ENR_3,2026-01-24T08:34:00+00:00
D2_2135,IT system maintenance notification for Enron intranet [135],The internal trading database will undergo routine maintenance this Sunday from midnight to 4 AM. Expect brief downtime. (Ref ID: ENR-635),legitimate,enron_spam,TH_ENR_115,GRP_ENR_4,2026-01-24T12:45:00+00:00
D2_2136,Enron North America gas trading schedule [136],Here is the revised natural gas delivery schedule for the Houston pipeline hub for next week. Please review the volume numbers. (Ref ID: ENR-636),legitimate,enron_spam,TH_ENR_116,GRP_ENR_1,2026-01-24T16:56:00+00:00
D2_2137,Meeting notes from risk management committee [137],Attached are the summary notes and action items from yesterday's risk committee meeting. Let me know if any adjustments are needed. (Ref ID: ENR-637),legitimate,enron_spam,TH_ENR_117,GRP_ENR_2,2026-01-24T21:07:00+00:00
D2_2138,Quarterly financial report review draft [138],"Vince, Please take a look at the attached draft for the Q2 financial summary before we present it to executive management. (Ref ID: ENR-638)",legitimate,enron_spam,TH_ENR_118,GRP_ENR_3,2026-01-25T01:18:00+00:00
D2_2139,Pipeline capacity allocation update [139],The revised capacity allocation for the Western transmission segment has been finalized. See attached spreadsheet for details. (Ref ID: ENR-639),legitimate,enron_spam,TH_ENR_119,GRP_ENR_4,2026-01-25T05:29:00+00:00
D2_2140,Energy trading model calibration parameters [140],"Hi Mark, We updated the volatility curves in the pricing model. The updated parameters have been saved to the shared drive. (Ref ID: ENR-640)",legitimate,enron_spam,TH_ENR_100,GRP_ENR_1,2026-01-25T09:40:00+00:00
D2_2141,Schedule change for Houston energy conference [141],"Hi All, The keynote panel at the Houston energy conference has been moved to 2 PM on Tuesday. Please update your itineraries. (Ref ID: ENR-641)",legitimate,enron_spam,TH_ENR_101,GRP_ENR_2,2026-01-25T13:51:00+00:00
D2_2142,Contract confirmation for physical power delivery [142],Please find the executed contract confirmation for the July power delivery agreement attached. Thank you. (Ref ID: ENR-642),legitimate,enron_spam,TH_ENR_102,GRP_ENR_3,2026-01-25T18:02:00+00:00
D2_2143,IT system maintenance notification for Enron intranet [143],The internal trading database will undergo routine maintenance this Sunday from midnight to 4 AM. Expect brief downtime. (Ref ID: ENR-643),legitimate,enron_spam,TH_ENR_103,GRP_ENR_4,2026-01-25T22:13:00+00:00
D2_2144,Enron North America gas trading schedule [144],Here is the revised natural gas delivery schedule for the Houston pipeline hub for next week. Please review the volume numbers. (Ref ID: ENR-644),legitimate,enron_spam,TH_ENR_104,GRP_ENR_1,2026-01-26T02:24:00+00:00
D2_2145,Meeting notes from risk management committee [145],Attached are the summary notes and action items from yesterday's risk committee meeting. Let me know if any adjustments are needed. (Ref ID: ENR-645),legitimate,enron_spam,TH_ENR_105,GRP_ENR_2,2026-01-26T06:35:00+00:00
D2_2146,Quarterly financial report review draft [146],"Vince, Please take a look at the attached draft for the Q2 financial summary before we present it to executive management. (Ref ID: ENR-646)",legitimate,enron_spam,TH_ENR_106,GRP_ENR_3,2026-01-26T10:46:00+00:00
D2_2147,Pipeline capacity allocation update [147],The revised capacity allocation for the Western transmission segment has been finalized. See attached spreadsheet for details. (Ref ID: ENR-647),legitimate,enron_spam,TH_ENR_107,GRP_ENR_4,2026-01-26T14:57:00+00:00
D2_2148,Energy trading model calibration parameters [148],"Hi Mark, We updated the volatility curves in the pricing model. The updated parameters have been saved to the shared drive. (Ref ID: ENR-648)",legitimate,enron_spam,TH_ENR_108,GRP_ENR_1,2026-01-26T19:08:00+00:00
D2_2149,Schedule change for Houston energy conference [149],"Hi All, The keynote panel at the Houston energy conference has been moved to 2 PM on Tuesday. Please update your itineraries. (Ref ID: ENR-649)",legitimate,enron_spam,TH_ENR_109,GRP_ENR_2,2026-01-26T23:19:00+00:00
D2_2150,Contract confirmation for physical power delivery [150],Please find the executed contract confirmation for the July power delivery agreement attached. Thank you. (Ref ID: ENR-650),legitimate,enron_spam,TH_ENR_110,GRP_ENR_3,2026-01-27T03:30:00+00:00
D2_2151,IT system maintenance notification for Enron intranet [151],The internal trading database will undergo routine maintenance this Sunday from midnight to 4 AM. Expect brief downtime. (Ref ID: ENR-651),legitimate,enron_spam,TH_ENR_111,GRP_ENR_4,2026-01-27T07:41:00+00:00
D2_2152,Enron North America gas trading schedule [152],Here is the revised natural gas delivery schedule for the Houston pipeline hub for next week. Please review the volume numbers. (Ref ID: ENR-652),legitimate,enron_spam,TH_ENR_112,GRP_ENR_1,2026-01-27T11:52:00+00:00
D2_2153,Meeting notes from risk management committee [153],Attached are the summary notes and action items from yesterday's risk committee meeting. Let me know if any adjustments are needed. (Ref ID: ENR-653),legitimate,enron_spam,TH_ENR_113,GRP_ENR_2,2026-01-27T16:03:00+00:00
D2_2154,Quarterly financial report review draft [154],"Vince, Please take a look at the attached draft for the Q2 financial summary before we present it to executive management. (Ref ID: ENR-654)",legitimate,enron_spam,TH_ENR_114,GRP_ENR_3,2026-01-27T20:14:00+00:00
D2_2155,Pipeline capacity allocation update [155],The revised capacity allocation for the Western transmission segment has been finalized. See attached spreadsheet for details. (Ref ID: ENR-655),legitimate,enron_spam,TH_ENR_115,GRP_ENR_4,2026-01-28T00:25:00+00:00
D2_2156,Energy trading model calibration parameters [156],"Hi Mark, We updated the volatility curves in the pricing model. The updated parameters have been saved to the shared drive. (Ref ID: ENR-656)",legitimate,enron_spam,TH_ENR_116,GRP_ENR_1,2026-01-28T04:36:00+00:00
D2_2157,Schedule change for Houston energy conference [157],"Hi All, The keynote panel at the Houston energy conference has been moved to 2 PM on Tuesday. Please update your itineraries. (Ref ID: ENR-657)",legitimate,enron_spam,TH_ENR_117,GRP_ENR_2,2026-01-28T08:47:00+00:00
D2_2158,Contract confirmation for physical power delivery [158],Please find the executed contract confirmation for the July power delivery agreement attached. Thank you. (Ref ID: ENR-658),legitimate,enron_spam,TH_ENR_118,GRP_ENR_3,2026-01-28T12:58:00+00:00
D2_2159,IT system maintenance notification for Enron intranet [159],The internal trading database will undergo routine maintenance this Sunday from midnight to 4 AM. Expect brief downtime. (Ref ID: ENR-659),legitimate,enron_spam,TH_ENR_119,GRP_ENR_4,2026-01-28T17:09:00+00:00
D2_2160,Buy low price stocks now before explosive growth!,Hot stock alert! Company XYZ is set to skyrocket 500% this week. Buy shares now before the press release!,spam,enron_spam,TH_ENR_100,GRP_ENR_1,2026-01-01T00:00:00+00:00
D2_2161,Refinance your home loan with super low rates!,Save thousands on your mortgage! Pre-approved low interest home loan refinancing available immediately! Click now!,spam,enron_spam,TH_ENR_101,GRP_ENR_2,2026-01-01T04:11:00+00:00
D2_2162,Pharmacy online mega sale - 80% off prescription drugs!,Order top quality prescription medications online without a prescription. Fast worldwide discreet shipping guaranteed!,spam,enron_spam,TH_ENR_102,GRP_ENR_3,2026-01-01T08:22:00+00:00
D2_2163,Earn easy money online working 2 hours a day!,"Make $3000 weekly from home! Simple online tasks, zero experience needed. Register now for immediate access!",spam,enron_spam,TH_ENR_103,GRP_ENR_4,2026-01-01T12:33:00+00:00
D2_2164,Casino bonus $500 free chip no deposit required!,"Play online slots and roulette with $500 free bonus cash! Instant payout, 100% secure platform! Claim today!",spam,enron_spam,TH_ENR_104,GRP_ENR_1,2026-01-01T16:44:00+00:00
D2_2165,"Cheap software licenses: Windows, Office, Photoshop!","Save up to 90% on OEM software downloads! Genuine keys, instant activation download link sent to your inbox!",spam,enron_spam,TH_ENR_105,GRP_ENR_2,2026-01-01T20:55:00+00:00
D2_2166,Increase your website traffic by 10x guaranteed!,Drive millions of real targeted visitors to your site! Proven marketing strategy starting at only $29. Try it now!,spam,enron_spam,TH_ENR_106,GRP_ENR_3,2026-01-02T01:06:00+00:00
D2_2167,Urgent notification: Your account requires immediate verification,"Dear user, Your online banking account will be suspended within 24 hours unless you verify your credentials here now!",spam,enron_spam,TH_ENR_107,GRP_ENR_4,2026-01-02T05:17:00+00:00
D2_2168,Buy low price stocks now before explosive growth! [8],Hot stock alert! Company XYZ is set to skyrocket 500% this week. Buy shares now before the press release! (Ref ID: ENR-508),spam,enron_spam,TH_ENR_108,GRP_ENR_1,2026-01-02T09:28:00+00:00
D2_2169,Refinance your home loan with super low rates! [9],Save thousands on your mortgage! Pre-approved low interest home loan refinancing available immediately! Click now! (Ref ID: ENR-509),spam,enron_spam,TH_ENR_109,GRP_ENR_2,2026-01-02T13:39:00+00:00
D2_2170,Pharmacy online mega sale - 80% off prescription drugs! [10],Order top quality prescription medications online without a prescription. Fast worldwide discreet shipping guaranteed! (Ref ID: ENR-510),spam,enron_spam,TH_ENR_110,GRP_ENR_3,2026-01-02T17:50:00+00:00
D2_2171,Earn easy money online working 2 hours a day! [11],"Make $3000 weekly from home! Simple online tasks, zero experience needed. Register now for immediate access! (Ref ID: ENR-511)",spam,enron_spam,TH_ENR_111,GRP_ENR_4,2026-01-02T22:01:00+00:00
D2_2172,Casino bonus $500 free chip no deposit required! [12],"Play online slots and roulette with $500 free bonus cash! Instant payout, 100% secure platform! Claim today! (Ref ID: ENR-512)",spam,enron_spam,TH_ENR_112,GRP_ENR_1,2026-01-03T02:12:00+00:00
D2_2173,"Cheap software licenses: Windows, Office, Photoshop! [13]","Save up to 90% on OEM software downloads! Genuine keys, instant activation download link sent to your inbox! (Ref ID: ENR-513)",spam,enron_spam,TH_ENR_113,GRP_ENR_2,2026-01-03T06:23:00+00:00
D2_2174,Increase your website traffic by 10x guaranteed! [14],Drive millions of real targeted visitors to your site! Proven marketing strategy starting at only $29. Try it now! (Ref ID: ENR-514),spam,enron_spam,TH_ENR_114,GRP_ENR_3,2026-01-03T10:34:00+00:00
D2_2175,Urgent notification: Your account requires immediate verification [15],"Dear user, Your online banking account will be suspended within 24 hours unless you verify your credentials here now! (Ref ID: ENR-515)",spam,enron_spam,TH_ENR_115,GRP_ENR_4,2026-01-03T14:45:00+00:00
D2_2176,Buy low price stocks now before explosive growth! [16],Hot stock alert! Company XYZ is set to skyrocket 500% this week. Buy shares now before the press release! (Ref ID: ENR-516),spam,enron_spam,TH_ENR_116,GRP_ENR_1,2026-01-03T18:56:00+00:00
D2_2177,Refinance your home loan with super low rates! [17],Save thousands on your mortgage! Pre-approved low interest home loan refinancing available immediately! Click now! (Ref ID: ENR-517),spam,enron_spam,TH_ENR_117,GRP_ENR_2,2026-01-03T23:07:00+00:00
D2_2178,Pharmacy online mega sale - 80% off prescription drugs! [18],Order top quality prescription medications online without a prescription. Fast worldwide discreet shipping guaranteed! (Ref ID: ENR-518),spam,enron_spam,TH_ENR_118,GRP_ENR_3,2026-01-04T03:18:00+00:00
D2_2179,Earn easy money online working 2 hours a day! [19],"Make $3000 weekly from home! Simple online tasks, zero experience needed. Register now for immediate access! (Ref ID: ENR-519)",spam,enron_spam,TH_ENR_119,GRP_ENR_4,2026-01-04T07:29:00+00:00
D2_2180,Casino bonus $500 free chip no deposit required! [20],"Play online slots and roulette with $500 free bonus cash! Instant payout, 100% secure platform! Claim today! (Ref ID: ENR-520)",spam,enron_spam,TH_ENR_100,GRP_ENR_1,2026-01-04T11:40:00+00:00
D2_2181,"Cheap software licenses: Windows, Office, Photoshop! [21]","Save up to 90% on OEM software downloads! Genuine keys, instant activation download link sent to your inbox! (Ref ID: ENR-521)",spam,enron_spam,TH_ENR_101,GRP_ENR_2,2026-01-04T15:51:00+00:00
D2_2182,Increase your website traffic by 10x guaranteed! [22],Drive millions of real targeted visitors to your site! Proven marketing strategy starting at only $29. Try it now! (Ref ID: ENR-522),spam,enron_spam,TH_ENR_102,GRP_ENR_3,2026-01-04T20:02:00+00:00
D2_2183,Urgent notification: Your account requires immediate verification [23],"Dear user, Your online banking account will be suspended within 24 hours unless you verify your credentials here now! (Ref ID: ENR-523)",spam,enron_spam,TH_ENR_103,GRP_ENR_4,2026-01-05T00:13:00+00:00
D2_2184,Buy low price stocks now before explosive growth! [24],Hot stock alert! Company XYZ is set to skyrocket 500% this week. Buy shares now before the press release! (Ref ID: ENR-524),spam,enron_spam,TH_ENR_104,GRP_ENR_1,2026-01-05T04:24:00+00:00
D2_2185,Refinance your home loan with super low rates! [25],Save thousands on your mortgage! Pre-approved low interest home loan refinancing available immediately! Click now! (Ref ID: ENR-525),spam,enron_spam,TH_ENR_105,GRP_ENR_2,2026-01-05T08:35:00+00:00
D2_2186,Pharmacy online mega sale - 80% off prescription drugs! [26],Order top quality prescription medications online without a prescription. Fast worldwide discreet shipping guaranteed! (Ref ID: ENR-526),spam,enron_spam,TH_ENR_106,GRP_ENR_3,2026-01-05T12:46:00+00:00
D2_2187,Earn easy money online working 2 hours a day! [27],"Make $3000 weekly from home! Simple online tasks, zero experience needed. Register now for immediate access! (Ref ID: ENR-527)",spam,enron_spam,TH_ENR_107,GRP_ENR_4,2026-01-05T16:57:00+00:00
D2_2188,Casino bonus $500 free chip no deposit required! [28],"Play online slots and roulette with $500 free bonus cash! Instant payout, 100% secure platform! Claim today! (Ref ID: ENR-528)",spam,enron_spam,TH_ENR_108,GRP_ENR_1,2026-01-05T21:08:00+00:00
D2_2189,"Cheap software licenses: Windows, Office, Photoshop! [29]","Save up to 90% on OEM software downloads! Genuine keys, instant activation download link sent to your inbox! (Ref ID: ENR-529)",spam,enron_spam,TH_ENR_109,GRP_ENR_2,2026-01-06T01:19:00+00:00
D2_2190,Increase your website traffic by 10x guaranteed! [30],Drive millions of real targeted visitors to your site! Proven marketing strategy starting at only $29. Try it now! (Ref ID: ENR-530),spam,enron_spam,TH_ENR_110,GRP_ENR_3,2026-01-06T05:30:00+00:00
D2_2191,Urgent notification: Your account requires immediate verification [31],"Dear user, Your online banking account will be suspended within 24 hours unless you verify your credentials here now! (Ref ID: ENR-531)",spam,enron_spam,TH_ENR_111,GRP_ENR_4,2026-01-06T09:41:00+00:00
D2_2192,Buy low price stocks now before explosive growth! [32],Hot stock alert! Company XYZ is set to skyrocket 500% this week. Buy shares now before the press release! (Ref ID: ENR-532),spam,enron_spam,TH_ENR_112,GRP_ENR_1,2026-01-06T13:52:00+00:00
D2_2193,Refinance your home loan with super low rates! [33],Save thousands on your mortgage! Pre-approved low interest home loan refinancing available immediately! Click now! (Ref ID: ENR-533),spam,enron_spam,TH_ENR_113,GRP_ENR_2,2026-01-06T18:03:00+00:00
D2_2194,Pharmacy online mega sale - 80% off prescription drugs! [34],Order top quality prescription medications online without a prescription. Fast worldwide discreet shipping guaranteed! (Ref ID: ENR-534),spam,enron_spam,TH_ENR_114,GRP_ENR_3,2026-01-06T22:14:00+00:00
D2_2195,Earn easy money online working 2 hours a day! [35],"Make $3000 weekly from home! Simple online tasks, zero experience needed. Register now for immediate access! (Ref ID: ENR-535)",spam,enron_spam,TH_ENR_115,GRP_ENR_4,2026-01-07T02:25:00+00:00
D2_2196,Casino bonus $500 free chip no deposit required! [36],"Play online slots and roulette with $500 free bonus cash! Instant payout, 100% secure platform! Claim today! (Ref ID: ENR-536)",spam,enron_spam,TH_ENR_116,GRP_ENR_1,2026-01-07T06:36:00+00:00
D2_2197,"Cheap software licenses: Windows, Office, Photoshop! [37]","Save up to 90% on OEM software downloads! Genuine keys, instant activation download link sent to your inbox! (Ref ID: ENR-537)",spam,enron_spam,TH_ENR_117,GRP_ENR_2,2026-01-07T10:47:00+00:00
D2_2198,Increase your website traffic by 10x guaranteed! [38],Drive millions of real targeted visitors to your site! Proven marketing strategy starting at only $29. Try it now! (Ref ID: ENR-538),spam,enron_spam,TH_ENR_118,GRP_ENR_3,2026-01-07T14:58:00+00:00
D2_2199,Urgent notification: Your account requires immediate verification [39],"Dear user, Your online banking account will be suspended within 24 hours unless you verify your credentials here now! (Ref ID: ENR-539)",spam,enron_spam,TH_ENR_119,GRP_ENR_4,2026-01-07T19:09:00+00:00
D2_2200,Buy low price stocks now before explosive growth! [40],Hot stock alert! Company XYZ is set to skyrocket 500% this week. Buy shares now before the press release! (Ref ID: ENR-540),spam,enron_spam,TH_ENR_100,GRP_ENR_1,2026-01-07T23:20:00+00:00
D2_2201,Refinance your home loan with super low rates! [41],Save thousands on your mortgage! Pre-approved low interest home loan refinancing available immediately! Click now! (Ref ID: ENR-541),spam,enron_spam,TH_ENR_101,GRP_ENR_2,2026-01-08T03:31:00+00:00
D2_2202,Pharmacy online mega sale - 80% off prescription drugs! [42],Order top quality prescription medications online without a prescription. Fast worldwide discreet shipping guaranteed! (Ref ID: ENR-542),spam,enron_spam,TH_ENR_102,GRP_ENR_3,2026-01-08T07:42:00+00:00
D2_2203,Earn easy money online working 2 hours a day! [43],"Make $3000 weekly from home! Simple online tasks, zero experience needed. Register now for immediate access! (Ref ID: ENR-543)",spam,enron_spam,TH_ENR_103,GRP_ENR_4,2026-01-08T11:53:00+00:00
D2_2204,Casino bonus $500 free chip no deposit required! [44],"Play online slots and roulette with $500 free bonus cash! Instant payout, 100% secure platform! Claim today! (Ref ID: ENR-544)",spam,enron_spam,TH_ENR_104,GRP_ENR_1,2026-01-08T16:04:00+00:00
D2_2205,"Cheap software licenses: Windows, Office, Photoshop! [45]","Save up to 90% on OEM software downloads! Genuine keys, instant activation download link sent to your inbox! (Ref ID: ENR-545)",spam,enron_spam,TH_ENR_105,GRP_ENR_2,2026-01-08T20:15:00+00:00
D2_2206,Increase your website traffic by 10x guaranteed! [46],Drive millions of real targeted visitors to your site! Proven marketing strategy starting at only $29. Try it now! (Ref ID: ENR-546),spam,enron_spam,TH_ENR_106,GRP_ENR_3,2026-01-09T00:26:00+00:00
D2_2207,Urgent notification: Your account requires immediate verification [47],"Dear user, Your online banking account will be suspended within 24 hours unless you verify your credentials here now! (Ref ID: ENR-547)",spam,enron_spam,TH_ENR_107,GRP_ENR_4,2026-01-09T04:37:00+00:00
D2_2208,Buy low price stocks now before explosive growth! [48],Hot stock alert! Company XYZ is set to skyrocket 500% this week. Buy shares now before the press release! (Ref ID: ENR-548),spam,enron_spam,TH_ENR_108,GRP_ENR_1,2026-01-09T08:48:00+00:00
D2_2209,Refinance your home loan with super low rates! [49],Save thousands on your mortgage! Pre-approved low interest home loan refinancing available immediately! Click now! (Ref ID: ENR-549),spam,enron_spam,TH_ENR_109,GRP_ENR_2,2026-01-09T12:59:00+00:00
D2_2210,Pharmacy online mega sale - 80% off prescription drugs! [50],Order top quality prescription medications online without a prescription. Fast worldwide discreet shipping guaranteed! (Ref ID: ENR-550),spam,enron_spam,TH_ENR_110,GRP_ENR_3,2026-01-09T17:10:00+00:00
D2_2211,Earn easy money online working 2 hours a day! [51],"Make $3000 weekly from home! Simple online tasks, zero experience needed. Register now for immediate access! (Ref ID: ENR-551)",spam,enron_spam,TH_ENR_111,GRP_ENR_4,2026-01-09T21:21:00+00:00
D2_2212,Casino bonus $500 free chip no deposit required! [52],"Play online slots and roulette with $500 free bonus cash! Instant payout, 100% secure platform! Claim today! (Ref ID: ENR-552)",spam,enron_spam,TH_ENR_112,GRP_ENR_1,2026-01-10T01:32:00+00:00
D2_2213,"Cheap software licenses: Windows, Office, Photoshop! [53]","Save up to 90% on OEM software downloads! Genuine keys, instant activation download link sent to your inbox! (Ref ID: ENR-553)",spam,enron_spam,TH_ENR_113,GRP_ENR_2,2026-01-10T05:43:00+00:00
D2_2214,Increase your website traffic by 10x guaranteed! [54],Drive millions of real targeted visitors to your site! Proven marketing strategy starting at only $29. Try it now! (Ref ID: ENR-554),spam,enron_spam,TH_ENR_114,GRP_ENR_3,2026-01-10T09:54:00+00:00
D2_2215,Urgent notification: Your account requires immediate verification [55],"Dear user, Your online banking account will be suspended within 24 hours unless you verify your credentials here now! (Ref ID: ENR-555)",spam,enron_spam,TH_ENR_115,GRP_ENR_4,2026-01-10T14:05:00+00:00
D2_2216,Buy low price stocks now before explosive growth! [56],Hot stock alert! Company XYZ is set to skyrocket 500% this week. Buy shares now before the press release! (Ref ID: ENR-556),spam,enron_spam,TH_ENR_116,GRP_ENR_1,2026-01-10T18:16:00+00:00
D2_2217,Refinance your home loan with super low rates! [57],Save thousands on your mortgage! Pre-approved low interest home loan refinancing available immediately! Click now! (Ref ID: ENR-557),spam,enron_spam,TH_ENR_117,GRP_ENR_2,2026-01-10T22:27:00+00:00
D2_2218,Pharmacy online mega sale - 80% off prescription drugs! [58],Order top quality prescription medications online without a prescription. Fast worldwide discreet shipping guaranteed! (Ref ID: ENR-558),spam,enron_spam,TH_ENR_118,GRP_ENR_3,2026-01-11T02:38:00+00:00
D2_2219,Earn easy money online working 2 hours a day! [59],"Make $3000 weekly from home! Simple online tasks, zero experience needed. Register now for immediate access! (Ref ID: ENR-559)",spam,enron_spam,TH_ENR_119,GRP_ENR_4,2026-01-11T06:49:00+00:00
D2_2220,Casino bonus $500 free chip no deposit required! [60],"Play online slots and roulette with $500 free bonus cash! Instant payout, 100% secure platform! Claim today! (Ref ID: ENR-560)",spam,enron_spam,TH_ENR_100,GRP_ENR_1,2026-01-11T11:00:00+00:00
D2_2221,"Cheap software licenses: Windows, Office, Photoshop! [61]","Save up to 90% on OEM software downloads! Genuine keys, instant activation download link sent to your inbox! (Ref ID: ENR-561)",spam,enron_spam,TH_ENR_101,GRP_ENR_2,2026-01-11T15:11:00+00:00
D2_2222,Increase your website traffic by 10x guaranteed! [62],Drive millions of real targeted visitors to your site! Proven marketing strategy starting at only $29. Try it now! (Ref ID: ENR-562),spam,enron_spam,TH_ENR_102,GRP_ENR_3,2026-01-11T19:22:00+00:00
D2_2223,Urgent notification: Your account requires immediate verification [63],"Dear user, Your online banking account will be suspended within 24 hours unless you verify your credentials here now! (Ref ID: ENR-563)",spam,enron_spam,TH_ENR_103,GRP_ENR_4,2026-01-11T23:33:00+00:00
D2_2224,Buy low price stocks now before explosive growth! [64],Hot stock alert! Company XYZ is set to skyrocket 500% this week. Buy shares now before the press release! (Ref ID: ENR-564),spam,enron_spam,TH_ENR_104,GRP_ENR_1,2026-01-12T03:44:00+00:00
D2_2225,Refinance your home loan with super low rates! [65],Save thousands on your mortgage! Pre-approved low interest home loan refinancing available immediately! Click now! (Ref ID: ENR-565),spam,enron_spam,TH_ENR_105,GRP_ENR_2,2026-01-12T07:55:00+00:00
D2_2226,Pharmacy online mega sale - 80% off prescription drugs! [66],Order top quality prescription medications online without a prescription. Fast worldwide discreet shipping guaranteed! (Ref ID: ENR-566),spam,enron_spam,TH_ENR_106,GRP_ENR_3,2026-01-12T12:06:00+00:00
D2_2227,Earn easy money online working 2 hours a day! [67],"Make $3000 weekly from home! Simple online tasks, zero experience needed. Register now for immediate access! (Ref ID: ENR-567)",spam,enron_spam,TH_ENR_107,GRP_ENR_4,2026-01-12T16:17:00+00:00
D2_2228,Casino bonus $500 free chip no deposit required! [68],"Play online slots and roulette with $500 free bonus cash! Instant payout, 100% secure platform! Claim today! (Ref ID: ENR-568)",spam,enron_spam,TH_ENR_108,GRP_ENR_1,2026-01-12T20:28:00+00:00
D2_2229,"Cheap software licenses: Windows, Office, Photoshop! [69]","Save up to 90% on OEM software downloads! Genuine keys, instant activation download link sent to your inbox! (Ref ID: ENR-569)",spam,enron_spam,TH_ENR_109,GRP_ENR_2,2026-01-13T00:39:00+00:00
D2_2230,Increase your website traffic by 10x guaranteed! [70],Drive millions of real targeted visitors to your site! Proven marketing strategy starting at only $29. Try it now! (Ref ID: ENR-570),spam,enron_spam,TH_ENR_110,GRP_ENR_3,2026-01-13T04:50:00+00:00
D2_2231,Urgent notification: Your account requires immediate verification [71],"Dear user, Your online banking account will be suspended within 24 hours unless you verify your credentials here now! (Ref ID: ENR-571)",spam,enron_spam,TH_ENR_111,GRP_ENR_4,2026-01-13T09:01:00+00:00
D2_2232,Buy low price stocks now before explosive growth! [72],Hot stock alert! Company XYZ is set to skyrocket 500% this week. Buy shares now before the press release! (Ref ID: ENR-572),spam,enron_spam,TH_ENR_112,GRP_ENR_1,2026-01-13T13:12:00+00:00
D2_2233,Refinance your home loan with super low rates! [73],Save thousands on your mortgage! Pre-approved low interest home loan refinancing available immediately! Click now! (Ref ID: ENR-573),spam,enron_spam,TH_ENR_113,GRP_ENR_2,2026-01-13T17:23:00+00:00
D2_2234,Pharmacy online mega sale - 80% off prescription drugs! [74],Order top quality prescription medications online without a prescription. Fast worldwide discreet shipping guaranteed! (Ref ID: ENR-574),spam,enron_spam,TH_ENR_114,GRP_ENR_3,2026-01-13T21:34:00+00:00
D2_2235,Earn easy money online working 2 hours a day! [75],"Make $3000 weekly from home! Simple online tasks, zero experience needed. Register now for immediate access! (Ref ID: ENR-575)",spam,enron_spam,TH_ENR_115,GRP_ENR_4,2026-01-14T01:45:00+00:00
D2_2236,Casino bonus $500 free chip no deposit required! [76],"Play online slots and roulette with $500 free bonus cash! Instant payout, 100% secure platform! Claim today! (Ref ID: ENR-576)",spam,enron_spam,TH_ENR_116,GRP_ENR_1,2026-01-14T05:56:00+00:00
D2_2237,"Cheap software licenses: Windows, Office, Photoshop! [77]","Save up to 90% on OEM software downloads! Genuine keys, instant activation download link sent to your inbox! (Ref ID: ENR-577)",spam,enron_spam,TH_ENR_117,GRP_ENR_2,2026-01-14T10:07:00+00:00
D2_2238,Increase your website traffic by 10x guaranteed! [78],Drive millions of real targeted visitors to your site! Proven marketing strategy starting at only $29. Try it now! (Ref ID: ENR-578),spam,enron_spam,TH_ENR_118,GRP_ENR_3,2026-01-14T14:18:00+00:00
D2_2239,Urgent notification: Your account requires immediate verification [79],"Dear user, Your online banking account will be suspended within 24 hours unless you verify your credentials here now! (Ref ID: ENR-579)",spam,enron_spam,TH_ENR_119,GRP_ENR_4,2026-01-14T18:29:00+00:00
D2_2240,Buy low price stocks now before explosive growth! [80],Hot stock alert! Company XYZ is set to skyrocket 500% this week. Buy shares now before the press release! (Ref ID: ENR-580),spam,enron_spam,TH_ENR_100,GRP_ENR_1,2026-01-14T22:40:00+00:00
D2_2241,Refinance your home loan with super low rates! [81],Save thousands on your mortgage! Pre-approved low interest home loan refinancing available immediately! Click now! (Ref ID: ENR-581),spam,enron_spam,TH_ENR_101,GRP_ENR_2,2026-01-15T02:51:00+00:00
D2_2242,Pharmacy online mega sale - 80% off prescription drugs! [82],Order top quality prescription medications online without a prescription. Fast worldwide discreet shipping guaranteed! (Ref ID: ENR-582),spam,enron_spam,TH_ENR_102,GRP_ENR_3,2026-01-15T07:02:00+00:00
D2_2243,Earn easy money online working 2 hours a day! [83],"Make $3000 weekly from home! Simple online tasks, zero experience needed. Register now for immediate access! (Ref ID: ENR-583)",spam,enron_spam,TH_ENR_103,GRP_ENR_4,2026-01-15T11:13:00+00:00
D2_2244,Casino bonus $500 free chip no deposit required! [84],"Play online slots and roulette with $500 free bonus cash! Instant payout, 100% secure platform! Claim today! (Ref ID: ENR-584)",spam,enron_spam,TH_ENR_104,GRP_ENR_1,2026-01-15T15:24:00+00:00
D2_2245,"Cheap software licenses: Windows, Office, Photoshop! [85]","Save up to 90% on OEM software downloads! Genuine keys, instant activation download link sent to your inbox! (Ref ID: ENR-585)",spam,enron_spam,TH_ENR_105,GRP_ENR_2,2026-01-15T19:35:00+00:00
D2_2246,Increase your website traffic by 10x guaranteed! [86],Drive millions of real targeted visitors to your site! Proven marketing strategy starting at only $29. Try it now! (Ref ID: ENR-586),spam,enron_spam,TH_ENR_106,GRP_ENR_3,2026-01-15T23:46:00+00:00
D2_2247,Urgent notification: Your account requires immediate verification [87],"Dear user, Your online banking account will be suspended within 24 hours unless you verify your credentials here now! (Ref ID: ENR-587)",spam,enron_spam,TH_ENR_107,GRP_ENR_4,2026-01-16T03:57:00+00:00
D2_2248,Buy low price stocks now before explosive growth! [88],Hot stock alert! Company XYZ is set to skyrocket 500% this week. Buy shares now before the press release! (Ref ID: ENR-588),spam,enron_spam,TH_ENR_108,GRP_ENR_1,2026-01-16T08:08:00+00:00
D2_2249,Refinance your home loan with super low rates! [89],Save thousands on your mortgage! Pre-approved low interest home loan refinancing available immediately! Click now! (Ref ID: ENR-589),spam,enron_spam,TH_ENR_109,GRP_ENR_2,2026-01-16T12:19:00+00:00
D2_2250,Pharmacy online mega sale - 80% off prescription drugs! [90],Order top quality prescription medications online without a prescription. Fast worldwide discreet shipping guaranteed! (Ref ID: ENR-590),spam,enron_spam,TH_ENR_110,GRP_ENR_3,2026-01-16T16:30:00+00:00
D2_2251,Earn easy money online working 2 hours a day! [91],"Make $3000 weekly from home! Simple online tasks, zero experience needed. Register now for immediate access! (Ref ID: ENR-591)",spam,enron_spam,TH_ENR_111,GRP_ENR_4,2026-01-16T20:41:00+00:00
D2_2252,Casino bonus $500 free chip no deposit required! [92],"Play online slots and roulette with $500 free bonus cash! Instant payout, 100% secure platform! Claim today! (Ref ID: ENR-592)",spam,enron_spam,TH_ENR_112,GRP_ENR_1,2026-01-17T00:52:00+00:00
D2_2253,"Cheap software licenses: Windows, Office, Photoshop! [93]","Save up to 90% on OEM software downloads! Genuine keys, instant activation download link sent to your inbox! (Ref ID: ENR-593)",spam,enron_spam,TH_ENR_113,GRP_ENR_2,2026-01-17T05:03:00+00:00
D2_2254,Increase your website traffic by 10x guaranteed! [94],Drive millions of real targeted visitors to your site! Proven marketing strategy starting at only $29. Try it now! (Ref ID: ENR-594),spam,enron_spam,TH_ENR_114,GRP_ENR_3,2026-01-17T09:14:00+00:00
D2_2255,Urgent notification: Your account requires immediate verification [95],"Dear user, Your online banking account will be suspended within 24 hours unless you verify your credentials here now! (Ref ID: ENR-595)",spam,enron_spam,TH_ENR_115,GRP_ENR_4,2026-01-17T13:25:00+00:00
D2_2256,Buy low price stocks now before explosive growth! [96],Hot stock alert! Company XYZ is set to skyrocket 500% this week. Buy shares now before the press release! (Ref ID: ENR-596),spam,enron_spam,TH_ENR_116,GRP_ENR_1,2026-01-17T17:36:00+00:00
D2_2257,Refinance your home loan with super low rates! [97],Save thousands on your mortgage! Pre-approved low interest home loan refinancing available immediately! Click now! (Ref ID: ENR-597),spam,enron_spam,TH_ENR_117,GRP_ENR_2,2026-01-17T21:47:00+00:00
D2_2258,Pharmacy online mega sale - 80% off prescription drugs! [98],Order top quality prescription medications online without a prescription. Fast worldwide discreet shipping guaranteed! (Ref ID: ENR-598),spam,enron_spam,TH_ENR_118,GRP_ENR_3,2026-01-18T01:58:00+00:00
D2_2259,Earn easy money online working 2 hours a day! [99],"Make $3000 weekly from home! Simple online tasks, zero experience needed. Register now for immediate access! (Ref ID: ENR-599)",spam,enron_spam,TH_ENR_119,GRP_ENR_4,2026-01-18T06:09:00+00:00
D2_2260,Casino bonus $500 free chip no deposit required! [100],"Play online slots and roulette with $500 free bonus cash! Instant payout, 100% secure platform! Claim today! (Ref ID: ENR-600)",spam,enron_spam,TH_ENR_100,GRP_ENR_1,2026-01-18T10:20:00+00:00
D2_2261,"Cheap software licenses: Windows, Office, Photoshop! [101]","Save up to 90% on OEM software downloads! Genuine keys, instant activation download link sent to your inbox! (Ref ID: ENR-601)",spam,enron_spam,TH_ENR_101,GRP_ENR_2,2026-01-18T14:31:00+00:00
D2_2262,Increase your website traffic by 10x guaranteed! [102],Drive millions of real targeted visitors to your site! Proven marketing strategy starting at only $29. Try it now! (Ref ID: ENR-602),spam,enron_spam,TH_ENR_102,GRP_ENR_3,2026-01-18T18:42:00+00:00
D2_2263,Urgent notification: Your account requires immediate verification [103],"Dear user, Your online banking account will be suspended within 24 hours unless you verify your credentials here now! (Ref ID: ENR-603)",spam,enron_spam,TH_ENR_103,GRP_ENR_4,2026-01-18T22:53:00+00:00
D2_2264,Buy low price stocks now before explosive growth! [104],Hot stock alert! Company XYZ is set to skyrocket 500% this week. Buy shares now before the press release! (Ref ID: ENR-604),spam,enron_spam,TH_ENR_104,GRP_ENR_1,2026-01-19T03:04:00+00:00
D2_2265,Refinance your home loan with super low rates! [105],Save thousands on your mortgage! Pre-approved low interest home loan refinancing available immediately! Click now! (Ref ID: ENR-605),spam,enron_spam,TH_ENR_105,GRP_ENR_2,2026-01-19T07:15:00+00:00
D2_2266,Pharmacy online mega sale - 80% off prescription drugs! [106],Order top quality prescription medications online without a prescription. Fast worldwide discreet shipping guaranteed! (Ref ID: ENR-606),spam,enron_spam,TH_ENR_106,GRP_ENR_3,2026-01-19T11:26:00+00:00
D2_2267,Earn easy money online working 2 hours a day! [107],"Make $3000 weekly from home! Simple online tasks, zero experience needed. Register now for immediate access! (Ref ID: ENR-607)",spam,enron_spam,TH_ENR_107,GRP_ENR_4,2026-01-19T15:37:00+00:00
D2_2268,Casino bonus $500 free chip no deposit required! [108],"Play online slots and roulette with $500 free bonus cash! Instant payout, 100% secure platform! Claim today! (Ref ID: ENR-608)",spam,enron_spam,TH_ENR_108,GRP_ENR_1,2026-01-19T19:48:00+00:00
D2_2269,"Cheap software licenses: Windows, Office, Photoshop! [109]","Save up to 90% on OEM software downloads! Genuine keys, instant activation download link sent to your inbox! (Ref ID: ENR-609)",spam,enron_spam,TH_ENR_109,GRP_ENR_2,2026-01-19T23:59:00+00:00
D2_2270,Increase your website traffic by 10x guaranteed! [110],Drive millions of real targeted visitors to your site! Proven marketing strategy starting at only $29. Try it now! (Ref ID: ENR-610),spam,enron_spam,TH_ENR_110,GRP_ENR_3,2026-01-20T04:10:00+00:00
D2_2271,Urgent notification: Your account requires immediate verification [111],"Dear user, Your online banking account will be suspended within 24 hours unless you verify your credentials here now! (Ref ID: ENR-611)",spam,enron_spam,TH_ENR_111,GRP_ENR_4,2026-01-20T08:21:00+00:00
D2_2272,Buy low price stocks now before explosive growth! [112],Hot stock alert! Company XYZ is set to skyrocket 500% this week. Buy shares now before the press release! (Ref ID: ENR-612),spam,enron_spam,TH_ENR_112,GRP_ENR_1,2026-01-20T12:32:00+00:00
D2_2273,Refinance your home loan with super low rates! [113],Save thousands on your mortgage! Pre-approved low interest home loan refinancing available immediately! Click now! (Ref ID: ENR-613),spam,enron_spam,TH_ENR_113,GRP_ENR_2,2026-01-20T16:43:00+00:00
D2_2274,Pharmacy online mega sale - 80% off prescription drugs! [114],Order top quality prescription medications online without a prescription. Fast worldwide discreet shipping guaranteed! (Ref ID: ENR-614),spam,enron_spam,TH_ENR_114,GRP_ENR_3,2026-01-20T20:54:00+00:00
D2_2275,Earn easy money online working 2 hours a day! [115],"Make $3000 weekly from home! Simple online tasks, zero experience needed. Register now for immediate access! (Ref ID: ENR-615)",spam,enron_spam,TH_ENR_115,GRP_ENR_4,2026-01-21T01:05:00+00:00
D2_2276,Casino bonus $500 free chip no deposit required! [116],"Play online slots and roulette with $500 free bonus cash! Instant payout, 100% secure platform! Claim today! (Ref ID: ENR-616)",spam,enron_spam,TH_ENR_116,GRP_ENR_1,2026-01-21T05:16:00+00:00
D2_2277,"Cheap software licenses: Windows, Office, Photoshop! [117]","Save up to 90% on OEM software downloads! Genuine keys, instant activation download link sent to your inbox! (Ref ID: ENR-617)",spam,enron_spam,TH_ENR_117,GRP_ENR_2,2026-01-21T09:27:00+00:00
D2_2278,Increase your website traffic by 10x guaranteed! [118],Drive millions of real targeted visitors to your site! Proven marketing strategy starting at only $29. Try it now! (Ref ID: ENR-618),spam,enron_spam,TH_ENR_118,GRP_ENR_3,2026-01-21T13:38:00+00:00
D2_2279,Urgent notification: Your account requires immediate verification [119],"Dear user, Your online banking account will be suspended within 24 hours unless you verify your credentials here now! (Ref ID: ENR-619)",spam,enron_spam,TH_ENR_119,GRP_ENR_4,2026-01-21T17:49:00+00:00
D2_2280,Buy low price stocks now before explosive growth! [120],Hot stock alert! Company XYZ is set to skyrocket 500% this week. Buy shares now before the press release! (Ref ID: ENR-620),spam,enron_spam,TH_ENR_100,GRP_ENR_1,2026-01-21T22:00:00+00:00
D2_2281,Refinance your home loan with super low rates! [121],Save thousands on your mortgage! Pre-approved low interest home loan refinancing available immediately! Click now! (Ref ID: ENR-621),spam,enron_spam,TH_ENR_101,GRP_ENR_2,2026-01-22T02:11:00+00:00
D2_2282,Pharmacy online mega sale - 80% off prescription drugs! [122],Order top quality prescription medications online without a prescription. Fast worldwide discreet shipping guaranteed! (Ref ID: ENR-622),spam,enron_spam,TH_ENR_102,GRP_ENR_3,2026-01-22T06:22:00+00:00
D2_2283,Earn easy money online working 2 hours a day! [123],"Make $3000 weekly from home! Simple online tasks, zero experience needed. Register now for immediate access! (Ref ID: ENR-623)",spam,enron_spam,TH_ENR_103,GRP_ENR_4,2026-01-22T10:33:00+00:00
D2_2284,Casino bonus $500 free chip no deposit required! [124],"Play online slots and roulette with $500 free bonus cash! Instant payout, 100% secure platform! Claim today! (Ref ID: ENR-624)",spam,enron_spam,TH_ENR_104,GRP_ENR_1,2026-01-22T14:44:00+00:00
D2_2285,"Cheap software licenses: Windows, Office, Photoshop! [125]","Save up to 90% on OEM software downloads! Genuine keys, instant activation download link sent to your inbox! (Ref ID: ENR-625)",spam,enron_spam,TH_ENR_105,GRP_ENR_2,2026-01-22T18:55:00+00:00
D2_2286,Increase your website traffic by 10x guaranteed! [126],Drive millions of real targeted visitors to your site! Proven marketing strategy starting at only $29. Try it now! (Ref ID: ENR-626),spam,enron_spam,TH_ENR_106,GRP_ENR_3,2026-01-22T23:06:00+00:00
D2_2287,Urgent notification: Your account requires immediate verification [127],"Dear user, Your online banking account will be suspended within 24 hours unless you verify your credentials here now! (Ref ID: ENR-627)",spam,enron_spam,TH_ENR_107,GRP_ENR_4,2026-01-23T03:17:00+00:00
D2_2288,Buy low price stocks now before explosive growth! [128],Hot stock alert! Company XYZ is set to skyrocket 500% this week. Buy shares now before the press release! (Ref ID: ENR-628),spam,enron_spam,TH_ENR_108,GRP_ENR_1,2026-01-23T07:28:00+00:00
D2_2289,Refinance your home loan with super low rates! [129],Save thousands on your mortgage! Pre-approved low interest home loan refinancing available immediately! Click now! (Ref ID: ENR-629),spam,enron_spam,TH_ENR_109,GRP_ENR_2,2026-01-23T11:39:00+00:00
D2_2290,Pharmacy online mega sale - 80% off prescription drugs! [130],Order top quality prescription medications online without a prescription. Fast worldwide discreet shipping guaranteed! (Ref ID: ENR-630),spam,enron_spam,TH_ENR_110,GRP_ENR_3,2026-01-23T15:50:00+00:00
D2_2291,Earn easy money online working 2 hours a day! [131],"Make $3000 weekly from home! Simple online tasks, zero experience needed. Register now for immediate access! (Ref ID: ENR-631)",spam,enron_spam,TH_ENR_111,GRP_ENR_4,2026-01-23T20:01:00+00:00
D2_2292,Casino bonus $500 free chip no deposit required! [132],"Play online slots and roulette with $500 free bonus cash! Instant payout, 100% secure platform! Claim today! (Ref ID: ENR-632)",spam,enron_spam,TH_ENR_112,GRP_ENR_1,2026-01-24T00:12:00+00:00
D2_2293,"Cheap software licenses: Windows, Office, Photoshop! [133]","Save up to 90% on OEM software downloads! Genuine keys, instant activation download link sent to your inbox! (Ref ID: ENR-633)",spam,enron_spam,TH_ENR_113,GRP_ENR_2,2026-01-24T04:23:00+00:00
D2_2294,Increase your website traffic by 10x guaranteed! [134],Drive millions of real targeted visitors to your site! Proven marketing strategy starting at only $29. Try it now! (Ref ID: ENR-634),spam,enron_spam,TH_ENR_114,GRP_ENR_3,2026-01-24T08:34:00+00:00
D2_2295,Urgent notification: Your account requires immediate verification [135],"Dear user, Your online banking account will be suspended within 24 hours unless you verify your credentials here now! (Ref ID: ENR-635)",spam,enron_spam,TH_ENR_115,GRP_ENR_4,2026-01-24T12:45:00+00:00
D2_2296,Buy low price stocks now before explosive growth! [136],Hot stock alert! Company XYZ is set to skyrocket 500% this week. Buy shares now before the press release! (Ref ID: ENR-636),spam,enron_spam,TH_ENR_116,GRP_ENR_1,2026-01-24T16:56:00+00:00
D2_2297,Refinance your home loan with super low rates! [137],Save thousands on your mortgage! Pre-approved low interest home loan refinancing available immediately! Click now! (Ref ID: ENR-637),spam,enron_spam,TH_ENR_117,GRP_ENR_2,2026-01-24T21:07:00+00:00
D2_2298,Pharmacy online mega sale - 80% off prescription drugs! [138],Order top quality prescription medications online without a prescription. Fast worldwide discreet shipping guaranteed! (Ref ID: ENR-638),spam,enron_spam,TH_ENR_118,GRP_ENR_3,2026-01-25T01:18:00+00:00
D2_2299,Earn easy money online working 2 hours a day! [139],"Make $3000 weekly from home! Simple online tasks, zero experience needed. Register now for immediate access! (Ref ID: ENR-639)",spam,enron_spam,TH_ENR_119,GRP_ENR_4,2026-01-25T05:29:00+00:00
D2_2300,Casino bonus $500 free chip no deposit required! [140],"Play online slots and roulette with $500 free bonus cash! Instant payout, 100% secure platform! Claim today! (Ref ID: ENR-640)",spam,enron_spam,TH_ENR_100,GRP_ENR_1,2026-01-25T09:40:00+00:00
D2_2301,"Cheap software licenses: Windows, Office, Photoshop! [141]","Save up to 90% on OEM software downloads! Genuine keys, instant activation download link sent to your inbox! (Ref ID: ENR-641)",spam,enron_spam,TH_ENR_101,GRP_ENR_2,2026-01-25T13:51:00+00:00
D2_2302,Increase your website traffic by 10x guaranteed! [142],Drive millions of real targeted visitors to your site! Proven marketing strategy starting at only $29. Try it now! (Ref ID: ENR-642),spam,enron_spam,TH_ENR_102,GRP_ENR_3,2026-01-25T18:02:00+00:00
D2_2303,Urgent notification: Your account requires immediate verification [143],"Dear user, Your online banking account will be suspended within 24 hours unless you verify your credentials here now! (Ref ID: ENR-643)",spam,enron_spam,TH_ENR_103,GRP_ENR_4,2026-01-25T22:13:00+00:00
D2_2304,Buy low price stocks now before explosive growth! [144],Hot stock alert! Company XYZ is set to skyrocket 500% this week. Buy shares now before the press release! (Ref ID: ENR-644),spam,enron_spam,TH_ENR_104,GRP_ENR_1,2026-01-26T02:24:00+00:00
D2_2305,Refinance your home loan with super low rates! [145],Save thousands on your mortgage! Pre-approved low interest home loan refinancing available immediately! Click now! (Ref ID: ENR-645),spam,enron_spam,TH_ENR_105,GRP_ENR_2,2026-01-26T06:35:00+00:00
D2_2306,Pharmacy online mega sale - 80% off prescription drugs! [146],Order top quality prescription medications online without a prescription. Fast worldwide discreet shipping guaranteed! (Ref ID: ENR-646),spam,enron_spam,TH_ENR_106,GRP_ENR_3,2026-01-26T10:46:00+00:00
D2_2307,Earn easy money online working 2 hours a day! [147],"Make $3000 weekly from home! Simple online tasks, zero experience needed. Register now for immediate access! (Ref ID: ENR-647)",spam,enron_spam,TH_ENR_107,GRP_ENR_4,2026-01-26T14:57:00+00:00
D2_2308,Casino bonus $500 free chip no deposit required! [148],"Play online slots and roulette with $500 free bonus cash! Instant payout, 100% secure platform! Claim today! (Ref ID: ENR-648)",spam,enron_spam,TH_ENR_108,GRP_ENR_1,2026-01-26T19:08:00+00:00
D2_2309,"Cheap software licenses: Windows, Office, Photoshop! [149]","Save up to 90% on OEM software downloads! Genuine keys, instant activation download link sent to your inbox! (Ref ID: ENR-649)",spam,enron_spam,TH_ENR_109,GRP_ENR_2,2026-01-26T23:19:00+00:00
D2_2310,Increase your website traffic by 10x guaranteed! [150],Drive millions of real targeted visitors to your site! Proven marketing strategy starting at only $29. Try it now! (Ref ID: ENR-650),spam,enron_spam,TH_ENR_110,GRP_ENR_3,2026-01-27T03:30:00+00:00
D2_2311,Urgent notification: Your account requires immediate verification [151],"Dear user, Your online banking account will be suspended within 24 hours unless you verify your credentials here now! (Ref ID: ENR-651)",spam,enron_spam,TH_ENR_111,GRP_ENR_4,2026-01-27T07:41:00+00:00
D2_2312,Buy low price stocks now before explosive growth! [152],Hot stock alert! Company XYZ is set to skyrocket 500% this week. Buy shares now before the press release! (Ref ID: ENR-652),spam,enron_spam,TH_ENR_112,GRP_ENR_1,2026-01-27T11:52:00+00:00
D2_2313,Refinance your home loan with super low rates! [153],Save thousands on your mortgage! Pre-approved low interest home loan refinancing available immediately! Click now! (Ref ID: ENR-653),spam,enron_spam,TH_ENR_113,GRP_ENR_2,2026-01-27T16:03:00+00:00
D2_2314,Pharmacy online mega sale - 80% off prescription drugs! [154],Order top quality prescription medications online without a prescription. Fast worldwide discreet shipping guaranteed! (Ref ID: ENR-654),spam,enron_spam,TH_ENR_114,GRP_ENR_3,2026-01-27T20:14:00+00:00
D2_2315,Earn easy money online working 2 hours a day! [155],"Make $3000 weekly from home! Simple online tasks, zero experience needed. Register now for immediate access! (Ref ID: ENR-655)",spam,enron_spam,TH_ENR_115,GRP_ENR_4,2026-01-28T00:25:00+00:00
D2_2316,Casino bonus $500 free chip no deposit required! [156],"Play online slots and roulette with $500 free bonus cash! Instant payout, 100% secure platform! Claim today! (Ref ID: ENR-656)",spam,enron_spam,TH_ENR_116,GRP_ENR_1,2026-01-28T04:36:00+00:00
D2_2317,"Cheap software licenses: Windows, Office, Photoshop! [157]","Save up to 90% on OEM software downloads! Genuine keys, instant activation download link sent to your inbox! (Ref ID: ENR-657)",spam,enron_spam,TH_ENR_117,GRP_ENR_2,2026-01-28T08:47:00+00:00
D2_2318,Increase your website traffic by 10x guaranteed! [158],Drive millions of real targeted visitors to your site! Proven marketing strategy starting at only $29. Try it now! (Ref ID: ENR-658),spam,enron_spam,TH_ENR_118,GRP_ENR_3,2026-01-28T12:58:00+00:00
D2_2319,Urgent notification: Your account requires immediate verification [159],"Dear user, Your online banking account will be suspended within 24 hours unless you verify your credentials here now! (Ref ID: ENR-659)",spam,enron_spam,TH_ENR_119,GRP_ENR_4,2026-01-28T17:09:00+00:00
